{"cameraMode":{"drawMode":0,"name":"Shaded","section":"Shading Mode"},"sceneLighting":true,"audioPlay":false,"sceneViewState":{"showFog":true,"showMaterialUpdate":false,"showSkybox":true,"showFlares":true,"showImageEffects":true,"showParticleSystems":true},"in2DMode":false,"pivot":{"x":-3.3327391147613527,"y":-4.955142498016357,"z":21.785133361816408},"rotation":{"x":0.09821566939353943,"y":-0.6965416669845581,"z":0.09718164801597595,"w":0.7041269540786743},"size":36.00244903564453,"orthographic":false}