{"cameraMode":{"drawMode":0,"name":"Shaded","section":"Shading Mode"},"sceneLighting":true,"audioPlay":false,"sceneViewState":{"showFog":true,"showMaterialUpdate":false,"showSkybox":true,"showFlares":true,"showImageEffects":true,"showParticleSystems":true},"in2DMode":false,"pivot":{"x":-83.66305541992188,"y":-54.5523681640625,"z":64.64422607421875},"rotation":{"x":0.19969835877418519,"y":-0.47997915744781496,"z":0.11320949345827103,"w":0.8467833995819092},"size":82.3062744140625,"orthographic":false}