{"cameraMode":{"drawMode":0,"name":"Shaded","section":"Shading Mode"},"sceneLighting":true,"audioPlay":false,"sceneViewState":{"showFog":true,"showMaterialUpdate":false,"showSkybox":true,"showFlares":true,"showImageEffects":true,"showParticleSystems":true},"in2DMode":false,"pivot":{"x":106.11185455322266,"y":-62.219486236572269,"z":-69.94877624511719},"rotation":{"x":0.0847054123878479,"y":0.9063572287559509,"z":-0.218061625957489,"w":0.35203099250793459},"size":92.78970336914063,"orthographic":false}